Models,P1_1 IAA,P1_1 HS,P1_2 IAA,P1_2 HS,P1_3 IAA,P1_3 HS,P1_4 IAA,P1_4 HS,P1_5 IAA,P1_5 HS,P1_6 IAA,P1_6 HS,P1_7 IAA,P1_7 HS,P1_8 IAA,P1_8 HS,P1_9 IAA,P1_9 HS,P1_10 IAA,P1_10 HS,P1_11 IAA,P1_11 HS,P1_12 IAA,P1_12 HS,P1_13 IAA,P1_13 HS,P1_14 IAA,P1_14 HS,P1_15 IAA,P1_15 HS,P1_16 IAA,P1_16 HS,P1_17 IAA,P1_17 HS,P1_18 IAA,P1_18 HS,P1_19 IAA,P1_19 HS,P1_20 IAA,P1_20 HS,P1_21 IAA,P1_21 HS,P1_22 IAA,P1_22 HS,P1_23 IAA,P1_23 HS,P2_1 IAA,P2_1 HS,P2_2 IAA,P2_2 HS,P2_3 IAA,P2_3 HS,P2_4 IAA,P2_4 HS,P2_5 IAA,P2_5 HS,P2_6 IAA,P2_6 HS,P2_7 IAA,P2_7 HS,P2_8 IAA,P2_8 HS,P2_9 IAA,P2_9 HS,P2_10 IAA,P2_10 HS,P2_11 IAA,P2_11 HS,P2_12 IAA,P2_12 HS,P2_13 IAA,P2_13 HS,P2_14 IAA,P2_14 HS,P2_15 IAA,P2_15 HS,P2_16 IAA,P2_16 HS,P2_17 IAA,P2_17 HS,P2_18 IAA,P2_18 HS,P2_19 IAA,P2_19 HS,P2_20 IAA,P2_20 HS,P2_21 IAA,P2_21 HS,P2_22 IAA,P2_22 HS,P2_23 IAA,P2_23 HS
GPT-3.5,0.4013998035363457,0.704,0.3920716973052335,0.722,0.3144978033631268,0.77,0.3690707856969106,0.752,0.3675708625419079,0.74,0.3865407030243543,0.708,0.4049995393544821,0.702,0.4040478607240626,0.694,0.4902088976059277,0.634,0.4649171784850177,0.652,0.4856929119132224,0.628,0.4366240661850959,0.676,0.450294208733354,0.66,0.4722463678132373,0.648,0.4597765018213249,0.676,0.4800074506395133,0.648,0.4375269678851013,0.684,0.5178285821808261,0.598,0.4526227522593868,0.646,0.4398083758306289,0.67,0.4329928719103897,0.678,0.414880512441488,0.688,0.4690087129081268,0.654,0.5663754080434166,0.4589178356713427,0.5174449291427751,0.5350701402805611,0.5254525556680162,0.5771543086172345,0.506753620214806,0.5871743486973948,0.4999746550619559,0.6372745490981964,0.5078740157480315,0.616,0.492193009047299,0.6372745490981964,0.523923081804912,0.561122244488978,0.6079969953171699,0.5250501002004008,0.5379057642096805,0.4989979959919839,0.4751083578328433,0.4729458917835671,0.525631954717952,0.476,0.5070786734759842,0.452,0.5193988116043341,0.534,0.5152405365031942,0.5531062124248497,0.5088980518435035,0.4889779559118236,0.5409340570054275,0.426,0.4985397477454346,0.486,0.5318052309760861,0.498,0.5236403565430823,0.456,0.4973081663099176,0.436,0.483704420780897,0.46,0.5107789041447452,0.488
