Models,P3_1 IAA,P3_1 HS,P3_2 IAA,P3_2 HS,P3_3 IAA,P3_3 HS,P3_4 IAA,P3_4 HS,P3_5 IAA,P3_5 HS,P3_6 IAA,P3_6 HS,P3_7 IAA,P3_7 HS,P3_8 IAA,P3_8 HS,P3_9 IAA,P3_9 HS,P3_10 IAA,P3_10 HS,P3_11 IAA,P3_11 HS,P3_12 IAA,P3_12 HS,P3_13 IAA,P3_13 HS,P3_14 IAA,P3_14 HS,P3_15 IAA,P3_15 HS,P3_16 IAA,P3_16 HS,P3_17 IAA,P3_17 HS,P3_18 IAA,P3_18 HS,P3_19 IAA,P3_19 HS,P3_20 IAA,P3_20 HS,P3_21 IAA,P3_21 HS,P3_22 IAA,P3_22 HS,P3_23 IAA,P3_23 HS
GPT-3.5,0.5540636959200882,0.436,0.4634838880084521,0.352,0.4498094862698726,0.376,0.545135342185904,0.512,0.5367708133665581,0.508,0.5634551920797155,0.494,0.5360530406369952,0.542,0.5146627103128256,0.566,0.5390679636340517,0.532,0.5819129092429407,0.476,0.5263058169645676,0.564,0.5319825063713306,0.582,0.5207717930991138,0.588,0.5197955360828015,0.538,0.5021482108696333,0.598,0.5231737554835019,0.532,0.5424712861289915,0.568,0.5405733644411774,0.506,0.5614594629074441,0.516,0.5305316324548339,0.444,0.5574224282219646,0.472,0.5436334851862621,0.454,0.5281483891962251,0.42
