Models,P2_1 Hal,P2_1 F1,P2_1 IAA,P2_2 Hal,P2_2 F1,P2_2 IAA,P2_3 Hal,P2_3 F1,P2_3 IAA,P2_4 Hal,P2_4 F1,P2_4 IAA,P2_5 Hal,P2_5 F1,P2_5 IAA
GPT-3.5,0,0.5435500988718062,0.228080624431836,0,0.8740226873507017,0.7479435393528151,0,0.8716502226294385,0.7432235078878529,0,0.8349671611253197,0.6735134786534245,0,0.6748664034612828,0.3942301437585377
