Models,P_base Hal,P_base F1,P_base IAA,P1_1 Hal,P1_1 F1,P1_1 IAA,P1_2 Hal,P1_2 F1,P1_2 IAA,P1_3 Hal,P1_3 F1,P1_3 IAA,P1_4 Hal,P1_4 F1,P1_4 IAA,P1_5 Hal,P1_5 F1,P1_5 IAA
GPT-3.5,0,0.7798563041082309,0.5759890945980217,0,0.8679070482043403,0.7364427761360914,0,0.5342075656135303,0.2165833633643042,0,0.5618450227426602,0.2510978670012548,0,0.4603892040106009,0.1366917716178631,0,0.36897227915113484,0.04544462799613502
